./images/PaviaCityPV.raw,1,10,292454400,0.000000,0.988660,0.291352,0.606220,0.632829,0.000000,0.006379,12.585594,43.698769,0.004584,0.000316,0.026570,65.534087,66.167236,9.237614,0.000000,0.000574,67.447823,500,32,32,32,32,32,0.015625,0.015625,0.015625,0.015625,0.015625
./images/SantaBarbaraLine2014PV.raw,1,10,705560576,0.000000,3.025123,0.702715,0.607426,0.674356,0.000000,0.011118,51.837566,99.011070,0.005034,0.000496,0.066890,190.522968,191.197829,39.656944,0.000000,0.001433,194.927100,500,16,16,32,32,16,0.007812,0.007812,0.015625,0.015625,0.007812
./images/PaviaCityPV.raw,2,10,292454400,0.000000,0.178354,0.291007,0.348936,0.373818,0.000000,0.007466,5.360131,21.936350,0.004388,0.000320,0.024848,30.370235,30.744377,3.060768,0.000000,0.000607,31.214346,500,32,32,32,32,32,0.031250,0.031250,0.031250,0.031250,0.031250
./images/SantaBarbaraLine2014PV.raw,2,10,705560576,0.000000,0.409777,0.703501,0.270185,0.334863,0.000000,0.011331,20.382455,49.659708,0.004560,0.000487,0.064631,83.350371,83.685725,13.291051,0.000000,0.001368,84.800373,500,16,16,32,32,16,0.015625,0.015625,0.031250,0.031250,0.015625
./images/PaviaCityPV.raw,4,10,292454400,0.000000,0.172614,0.291186,0.255565,0.282438,0.000000,0.009319,2.909410,11.014989,0.004329,0.062420,0.026834,15.117102,15.461963,1.177954,0.000000,0.000869,15.926632,500,32,32,32,32,32,0.062500,0.062500,0.062500,0.062500,0.062500
./images/SantaBarbaraLine2014PV.raw,4,10,705560576,0.000000,0.407661,0.703369,0.261044,0.325281,0.000000,0.011630,12.166885,24.900944,0.004300,0.068102,0.064197,42.380592,42.773979,5.295641,0.000000,0.001831,43.886842,500,16,16,32,32,16,0.031250,0.031250,0.062500,0.062500,0.031250
./images/PaviaCityPV.raw,8,10,292454400,0.000000,0.174876,0.291590,0.464995,0.492940,0.000000,0.010481,1.763286,5.597243,0.004207,0.014368,0.027903,7.913238,8.420550,0.536895,0.000000,0.000824,8.887842,500,32,32,32,32,32,0.125000,0.125000,0.125000,0.125000,0.125000
./images/SantaBarbaraLine2014PV.raw,8,10,705560576,0.000000,0.405430,0.702524,0.242363,0.306655,0.000000,0.010983,8.530883,12.643716,0.004260,0.000479,0.064250,23.688855,23.995992,2.497839,0.000000,0.001392,25.105340,500,16,16,32,32,16,0.062500,0.062500,0.125000,0.125000,0.062500
./images/PaviaCityPV.raw,16,10,292454400,0.000000,0.175327,0.291472,0.340415,0.368312,0.000000,0.010423,2.009398,2.886080,0.004138,0.004485,0.027856,5.252086,5.624887,0.340947,0.000000,0.000703,6.092390,500,32,32,32,32,32,0.250000,0.250000,0.250000,0.250000,0.250000
./images/SantaBarbaraLine2014PV.raw,16,10,705560576,0.000000,0.405860,0.703242,0.471249,0.535584,0.000000,0.010892,6.404661,7.053408,0.004244,0.139938,0.064281,14.582043,15.257568,1.107653,0.000000,0.001857,16.368528,500,16,16,32,32,16,0.125000,0.125000,0.250000,0.250000,0.125000
./images/PaviaCityPV.raw,32,10,292454400,0.000000,0.174324,0.291436,0.495705,0.523663,0.000000,0.010121,2.696008,1.630551,0.004100,0.208278,0.027917,4.708638,5.440582,0.366724,0.000000,0.000783,5.907127,500,32,32,32,32,32,0.500000,0.500000,0.500000,0.500000,0.500000
./images/SantaBarbaraLine2014PV.raw,32,10,705560576,0.000000,0.405839,0.702446,0.247883,0.312244,0.000000,0.010542,7.911328,5.467747,0.004172,0.150560,0.064320,14.305047,14.767859,0.910045,0.000000,0.001868,15.878014,500,16,16,32,32,16,0.250000,0.250000,0.500000,0.500000,0.250000
./images/PaviaCityPV.raw,64,10,292454400,0.000000,0.173828,0.291059,0.462297,0.490157,0.000000,0.009977,4.818206,1.133870,0.004093,0.024234,0.027817,6.332754,6.847148,0.365483,0.000000,0.000701,7.312737,500,32,32,32,32,31,1.000000,1.000000,1.000000,1.000000,0.968750
./images/SantaBarbaraLine2014PV.raw,64,10,705560576,0.000000,0.405474,0.703210,0.450521,0.514819,0.000000,0.010470,9.291154,4.242490,0.004170,0.000477,0.064250,14.344348,14.859652,0.794907,0.000000,0.001395,15.969733,500,16,16,32,32,16,0.500000,0.500000,1.000000,1.000000,0.500000
./images/PaviaCityPV.raw,128,10,292454400,0.000000,0.174231,0.291278,0.268188,0.296047,0.000000,0.010676,1.750557,0.771042,0.004205,0.018230,0.027819,2.711645,3.025929,0.174046,0.000000,0.000721,3.492160,500,16,16,16,16,16,1.000000,1.000000,1.000000,1.000000,1.000000
./images/SantaBarbaraLine2014PV.raw,128,10,705560576,0.000000,0.404603,0.702379,0.280129,0.344480,0.000000,0.010897,11.855456,3.710713,0.004205,0.000473,0.064306,16.483115,16.828072,0.900704,0.000000,0.001391,17.936446,500,16,16,16,16,16,1.000000,1.000000,1.000000,1.000000,1.000000
./images/PaviaCityPV.raw,256,10,292454400,0.000000,0.174359,0.291461,0.485073,0.512917,0.000000,0.011572,1.907295,0.672103,0.004273,0.081995,0.027804,2.772072,3.366987,0.175727,0.000000,0.000855,3.833663,500,8,8,8,8,8,1.000000,1.000000,1.000000,1.000000,1.000000
./images/SantaBarbaraLine2014PV.raw,256,10,705560576,0.000000,0.406182,0.702388,0.241750,0.306053,0.000000,0.010965,6.730164,3.712301,0.004136,0.173191,0.064261,11.163734,11.642982,0.705026,0.000000,0.001742,12.753295,500,8,8,8,8,8,1.000000,1.000000,1.000000,1.000000,1.000000
./images/PaviaCityPV.raw,512,10,292454400,0.000000,0.174052,0.291280,0.469952,0.497864,0.000000,0.010625,1.879684,0.665749,0.004228,0.182239,0.027872,2.736835,3.416942,0.175350,0.000000,0.000901,3.883175,500,4,4,4,4,4,1.000000,1.000000,1.000000,1.000000,1.000000
./images/SantaBarbaraLine2014PV.raw,512,10,705560576,0.000000,0.403087,0.702280,0.274709,0.343722,0.000000,0.010378,6.988851,3.855976,0.004216,0.000487,0.068970,11.581960,11.926172,0.721371,0.000000,0.001344,13.032884,500,4,4,4,4,4,1.000000,1.000000,1.000000,1.000000,1.000000
./images/PaviaCityPV.raw,1024,10,292454400,0.000000,0.172412,0.291010,0.547891,0.574593,0.000000,0.008758,1.969419,0.762500,0.004140,0.000327,0.026661,2.933767,3.508691,0.187831,0.000000,0.000588,3.972701,500,2,2,2,2,2,1.000000,1.000000,1.000000,1.000000,1.000000
./images/SantaBarbaraLine2014PV.raw,1024,10,705560576,0.000000,0.407430,0.703363,0.504046,0.568336,0.000000,0.010892,6.796161,4.214203,0.004111,0.176846,0.064236,11.781531,12.526721,0.755012,0.000000,0.001850,13.639365,500,2,2,2,2,2,1.000000,1.000000,1.000000,1.000000,1.000000
./images/PaviaCityPV.raw,1,10,292454400,0.000000,0.989045,0.291006,0.605753,0.632888,0.000000,0.006397,12.610878,43.765522,0.004556,0.000329,0.027091,65.666096,66.299317,9.277548,0.000000,0.000695,67.580064,500,32,32,32,32,32,0.015625,0.015625,0.015625,0.015625,0.015625
./images/SantaBarbaraLine2014PV.raw,1,10,705560576,0.000000,2.681377,0.702900,0.615116,0.680191,0.000000,0.011153,51.705741,99.170026,0.004934,0.000516,0.065018,190.400912,191.081630,39.507814,0.000000,0.001341,194.467248,500,16,16,32,32,16,0.007812,0.007812,0.015625,0.015625,0.007812
./images/PaviaCityPV.raw,2,10,292454400,0.000000,0.178723,0.291341,0.448593,0.475401,0.000000,0.007458,5.357175,21.940952,0.004413,0.002539,0.026769,30.387129,30.865072,3.075966,0.000000,0.000649,31.335787,500,32,32,32,32,32,0.031250,0.031250,0.031250,0.031250,0.031250
./images/SantaBarbaraLine2014PV.raw,2,10,705560576,0.000000,0.416504,0.702230,0.151629,0.216341,0.000000,0.011294,20.352989,49.696836,0.004548,0.031104,0.064668,83.244278,83.491732,13.177417,0.000000,0.001367,84.611835,500,16,16,32,32,16,0.015625,0.015625,0.031250,0.031250,0.015625
./images/PaviaCityPV.raw,4,10,292454400,0.000000,0.176996,0.291328,0.197810,0.224622,0.000000,0.009385,2.909383,11.013204,0.004330,0.029619,0.026770,15.118599,15.372844,1.181193,0.000000,0.000756,15.841927,500,32,32,32,32,32,0.062500,0.062500,0.062500,0.062500,0.062500
./images/SantaBarbaraLine2014PV.raw,4,10,705560576,0.000000,0.415818,0.702135,0.230971,0.295717,0.000000,0.011615,12.148366,24.915477,0.004319,0.087964,0.064702,42.335305,42.718990,5.254305,0.000000,0.001831,43.838775,500,16,16,32,32,16,0.031250,0.031250,0.062500,0.062500,0.031250
./images/PaviaCityPV.raw,8,10,292454400,0.000000,0.177435,0.291000,0.488835,0.515886,0.000000,0.010519,1.761897,5.592881,0.004223,0.041340,0.027006,7.909342,8.466571,0.538741,0.000000,0.000741,8.935749,500,32,32,32,32,32,0.125000,0.125000,0.125000,0.125000,0.125000
./images/SantaBarbaraLine2014PV.raw,8,10,705560576,0.000000,0.415031,0.703002,0.283656,0.348366,0.000000,0.011148,8.521925,12.679369,0.004307,0.008713,0.064666,23.703732,24.060813,2.485852,0.000000,0.001261,25.180110,500,16,16,32,32,16,0.062500,0.062500,0.125000,0.125000,0.062500
./images/PaviaCityPV.raw,16,10,292454400,0.000000,0.176946,0.291071,0.286842,0.313628,0.000000,0.010304,2.008269,2.879789,0.004204,0.000328,0.026741,5.244471,5.558434,0.340836,0.000000,0.000696,6.027149,500,32,32,32,32,32,0.250000,0.250000,0.250000,0.250000,0.250000
./images/SantaBarbaraLine2014PV.raw,16,10,705560576,0.000000,0.418029,0.702199,0.507843,0.572664,0.000000,0.010904,6.404103,7.162305,0.004320,0.010203,0.064774,14.716698,15.299567,1.133950,0.000000,0.001845,16.421641,500,16,16,32,32,16,0.125000,0.125000,0.250000,0.250000,0.125000
./images/PaviaCityPV.raw,32,10,292454400,0.000000,0.177939,0.291033,0.467880,0.494697,0.000000,0.009795,2.690136,1.617044,0.004143,0.205531,0.026773,4.690241,5.390472,0.368014,0.000000,0.000879,5.860323,500,32,32,32,32,32,0.500000,0.500000,0.500000,0.500000,0.500000
./images/SantaBarbaraLine2014PV.raw,32,10,705560576,0.000000,0.415121,0.702992,0.279801,0.344557,0.000000,0.010565,7.902483,5.599876,0.004211,0.032996,0.064710,14.424756,14.802313,0.906404,0.000000,0.001703,15.922130,500,16,16,32,32,16,0.250000,0.250000,0.500000,0.500000,0.250000
./images/PaviaCityPV.raw,64,10,292454400,0.000000,0.176060,0.291365,0.494116,0.520934,0.000000,0.009709,4.815705,1.108399,0.004105,0.000316,0.026773,6.303859,6.825112,0.364836,0.000000,0.000706,7.293243,500,32,32,32,32,31,1.000000,1.000000,1.000000,1.000000,0.968750
./images/SantaBarbaraLine2014PV.raw,64,10,705560576,0.000000,0.414635,0.702129,0.489596,0.554484,0.000000,0.010570,9.257188,4.322830,0.004199,0.008051,0.064843,14.388340,14.950883,0.792339,0.000000,0.001360,16.069008,500,16,16,32,32,16,0.500000,0.500000,1.000000,1.000000,0.500000
./images/PaviaCityPV.raw,128,10,292454400,0.000000,0.177243,0.291146,0.238494,0.265278,0.000000,0.010633,1.733622,0.770128,0.004352,0.015546,0.026741,2.694474,2.975301,0.174625,0.000000,0.000790,3.444483,500,16,16,16,16,16,1.000000,1.000000,1.000000,1.000000,1.000000
./images/SantaBarbaraLine2014PV.raw,128,10,705560576,0.000000,0.415914,0.702947,0.242342,0.307046,0.000000,0.010849,11.889494,3.733483,0.004217,0.004441,0.064660,16.544100,16.855594,0.904867,0.000000,0.001266,17.975722,500,16,16,16,16,16,1.000000,1.000000,1.000000,1.000000,1.000000
./images/PaviaCityPV.raw,256,10,292454400,0.000000,0.177432,0.291043,0.406123,0.432943,0.000000,0.011030,1.902550,0.663318,0.004393,0.096783,0.026776,2.758507,3.288237,0.176080,0.000000,0.000733,3.757446,500,8,8,8,8,8,1.000000,1.000000,1.000000,1.000000,1.000000
./images/SantaBarbaraLine2014PV.raw,256,10,705560576,0.000000,0.414684,0.702998,0.286030,0.350703,0.000000,0.011225,6.773802,3.758483,0.004257,0.073076,0.064627,11.263426,11.687208,0.714551,0.000000,0.001705,12.806596,500,8,8,8,8,8,1.000000,1.000000,1.000000,1.000000,1.000000
./images/PaviaCityPV.raw,512,10,292454400,0.000000,0.177592,0.291338,0.514657,0.541727,0.000000,0.010910,1.876218,0.674497,0.004353,0.177481,0.027025,2.742648,3.461859,0.175545,0.000000,0.000756,3.931546,500,4,4,4,4,4,1.000000,1.000000,1.000000,1.000000,1.000000
./images/SantaBarbaraLine2014PV.raw,512,10,705560576,0.000000,0.408859,0.702812,0.240760,0.304987,0.000000,0.010591,7.037257,3.903792,0.004163,0.000485,0.064182,11.688144,11.993619,0.731190,0.000000,0.001405,13.106696,500,4,4,4,4,4,1.000000,1.000000,1.000000,1.000000,1.000000
./images/PaviaCityPV.raw,1024,10,292454400,0.000000,0.177480,0.291324,0.433497,0.460525,0.000000,0.008991,1.966828,0.772414,0.004242,0.006457,0.026979,2.941642,3.408632,0.188028,0.000000,0.000592,3.878028,500,2,2,2,2,2,1.000000,1.000000,1.000000,1.000000,1.000000
./images/SantaBarbaraLine2014PV.raw,1024,10,705560576,0.000000,0.413692,0.702184,0.467105,0.531407,0.000000,0.011109,6.874683,4.262584,0.004294,0.019985,0.064240,11.918982,12.470378,0.765196,0.000000,0.001703,13.587958,500,2,2,2,2,2,1.000000,1.000000,1.000000,1.000000,1.000000
./images/PaviaCityPV.raw,1,10,292454400,0.000000,0.815187,0.291387,0.279673,0.306507,0.000000,0.006442,12.696018,43.730448,0.004611,0.000360,0.026794,65.781110,66.087981,9.342379,0.000000,0.000582,67.195139,500,32,32,32,32,32,0.015625,0.015625,0.015625,0.015625,0.015625
./images/SantaBarbaraLine2014PV.raw,1,10,705560576,0.000000,2.546152,0.703725,0.248309,0.315238,0.000000,0.011290,51.948620,99.151956,0.004988,0.000527,0.066869,190.790967,191.106736,39.672882,0.000000,0.001303,194.357918,500,16,16,32,32,16,0.007812,0.007812,0.015625,0.015625,0.007812
./images/PaviaCityPV.raw,2,10,292454400,0.000000,0.172146,0.291566,0.161664,0.188507,0.000000,0.007474,5.383791,21.940790,0.004440,0.000347,0.026806,30.427604,30.616465,3.089902,0.000000,0.000599,31.080777,500,32,32,32,32,32,0.031250,0.031250,0.031250,0.031250,0.031250
./images/SantaBarbaraLine2014PV.raw,2,10,705560576,0.000000,0.428242,0.703571,0.164010,0.228324,0.000000,0.011276,20.446613,49.697580,0.004599,0.000523,0.064272,83.387737,83.616589,13.226409,0.000000,0.001430,84.749833,500,16,16,32,32,16,0.015625,0.015625,0.031250,0.031250,0.015625
./images/PaviaCityPV.raw,4,10,292454400,0.000000,0.160874,0.291572,0.163707,0.191338,0.000000,0.009405,2.925084,11.013034,0.004370,0.000336,0.027592,15.139512,15.331193,1.186426,0.000000,0.000606,15.784247,500,32,32,32,32,32,0.062500,0.062500,0.062500,0.062500,0.062500
./images/SantaBarbaraLine2014PV.raw,4,10,705560576,0.000000,0.389622,0.703440,0.166089,0.230428,0.000000,0.011713,12.201672,24.917955,0.004391,0.000494,0.064292,42.411355,42.642281,5.274396,0.000000,0.001433,43.736777,500,16,16,32,32,16,0.031250,0.031250,0.062500,0.062500,0.031250
./images/PaviaCityPV.raw,8,10,292454400,0.000000,0.160051,0.291527,0.166409,0.194079,0.000000,0.010515,1.770614,5.592782,0.004269,0.000333,0.027630,7.919131,8.113549,0.539814,0.000000,0.000732,8.565860,500,32,32,32,32,32,0.125000,0.125000,0.125000,0.125000,0.125000
./images/SantaBarbaraLine2014PV.raw,8,10,705560576,0.000000,0.387554,0.703496,0.163812,0.228089,0.000000,0.011195,8.559859,12.681036,0.004358,0.000489,0.064233,23.752812,23.981394,2.495100,0.000000,0.001308,25.073753,500,16,16,32,32,16,0.062500,0.062500,0.125000,0.125000,0.062500
./images/PaviaCityPV.raw,16,10,292454400,0.000000,0.160076,0.291536,0.161539,0.189167,0.000000,0.010359,2.014280,2.880012,0.004213,0.000348,0.027588,5.251463,5.440981,0.341391,0.000000,0.000617,5.893210,500,32,32,32,32,32,0.250000,0.250000,0.250000,0.250000,0.250000
./images/SantaBarbaraLine2014PV.raw,16,10,705560576,0.000000,0.387493,0.703508,0.163080,0.227435,0.000000,0.010841,6.433172,7.173131,0.004320,0.000526,0.064312,14.761392,14.989361,1.138758,0.000000,0.001422,16.081784,500,16,16,32,32,16,0.125000,0.125000,0.250000,0.250000,0.125000
./images/PaviaCityPV.raw,32,10,292454400,0.000000,0.160340,0.291497,0.169193,0.196840,0.000000,0.009805,2.698078,1.617495,0.004199,0.000321,0.027605,4.699334,4.896502,0.368594,0.000000,0.000607,5.348947,500,32,32,32,32,32,0.500000,0.500000,0.500000,0.500000,0.500000
./images/SantaBarbaraLine2014PV.raw,32,10,705560576,0.000000,0.387296,0.703418,0.162941,0.227281,0.000000,0.010507,7.929136,5.625286,0.004295,0.000502,0.064298,14.480285,14.708075,0.909869,0.000000,0.001307,15.800096,500,16,16,32,32,16,0.250000,0.250000,0.500000,0.500000,0.250000
./images/PaviaCityPV.raw,64,10,292454400,0.000000,0.159814,0.291508,0.175713,0.203383,0.000000,0.009683,4.817157,1.108752,0.004154,0.000334,0.027628,6.306202,6.509925,0.365258,0.000000,0.000608,6.961857,500,32,32,32,32,31,1.000000,1.000000,1.000000,1.000000,0.968750
./images/SantaBarbaraLine2014PV.raw,64,10,705560576,0.000000,0.388441,0.703462,0.161891,0.226245,0.000000,0.010555,9.277873,4.348726,0.004255,0.000528,0.064312,14.437258,14.664035,0.794643,0.000000,0.001433,15.757372,500,16,16,32,32,16,0.500000,0.500000,1.000000,1.000000,0.500000
./images/PaviaCityPV.raw,128,10,292454400,0.000000,0.160078,0.291535,0.162437,0.190088,0.000000,0.010395,1.752770,0.747635,0.004349,0.000336,0.027610,2.690411,2.880839,0.174097,0.000000,0.000610,3.333062,500,16,16,16,16,16,1.000000,1.000000,1.000000,1.000000,1.000000
./images/SantaBarbaraLine2014PV.raw,128,10,705560576,0.000000,0.387288,0.703845,0.149818,0.214194,0.000000,0.010700,11.843770,3.711597,0.004244,0.000497,0.064334,16.471667,16.686361,0.900124,0.000000,0.001295,17.778790,500,16,16,16,16,16,1.000000,1.000000,1.000000,1.000000,1.000000
./images/PaviaCityPV.raw,256,10,292454400,0.000000,0.160163,0.291538,0.224265,0.251957,0.000000,0.010784,1.910452,0.645358,0.004398,0.000332,0.027652,2.747894,3.000186,0.175741,0.000000,0.000612,3.452500,500,8,8,8,8,8,1.000000,1.000000,1.000000,1.000000,1.000000
./images/SantaBarbaraLine2014PV.raw,256,10,705560576,0.000000,0.387090,0.703541,0.166461,0.230849,0.000000,0.011007,6.696312,3.692259,0.004244,0.000525,0.064345,11.106631,11.338009,0.701636,0.000000,0.001429,12.430071,500,8,8,8,8,8,1.000000,1.000000,1.000000,1.000000,1.000000
./images/PaviaCityPV.raw,512,10,292454400,0.000000,0.160074,0.291512,0.168281,0.195957,0.000000,0.010592,1.881308,0.659827,0.004263,0.000333,0.027629,2.732578,2.928874,0.175399,0.000000,0.000612,3.381073,500,4,4,4,4,4,1.000000,1.000000,1.000000,1.000000,1.000000
./images/SantaBarbaraLine2014PV.raw,512,10,705560576,0.000000,0.386957,0.703519,0.165594,0.229970,0.000000,0.010409,6.981015,3.839041,0.004201,0.000492,0.064335,11.554419,11.784885,0.718569,0.000000,0.001435,12.876798,500,4,4,4,4,4,1.000000,1.000000,1.000000,1.000000,1.000000
./images/PaviaCityPV.raw,1024,10,292454400,0.000000,0.161107,0.291499,0.172511,0.200188,0.000000,0.008763,1.971158,0.756934,0.004214,0.000332,0.027631,2.930081,3.130604,0.187848,0.000000,0.000714,3.583926,500,2,2,2,2,2,1.000000,1.000000,1.000000,1.000000,1.000000
./images/SantaBarbaraLine2014PV.raw,1024,10,705560576,0.000000,0.387065,0.703466,0.161718,0.226107,0.000000,0.011010,6.806611,4.218217,0.004345,0.000486,0.064341,11.798213,12.024813,0.756831,0.000000,0.001436,13.116781,500,2,2,2,2,2,1.000000,1.000000,1.000000,1.000000,1.000000
./images/PaviaCityPV.raw,1,10,292454400,0.000000,0.804498,0.291417,0.209474,0.237910,0.000000,0.006378,12.589201,43.699925,0.004555,0.000309,0.028397,65.579085,65.817312,9.277846,0.000000,0.000604,66.913832,500,32,32,32,32,32,0.015625,0.015625,0.015625,0.015625,0.015625
./images/SantaBarbaraLine2014PV.raw,1,10,705560576,0.000000,2.776978,0.703405,0.330094,0.396619,0.000000,0.010991,51.641445,99.142361,0.004852,0.272116,0.066477,190.312542,190.981281,39.511683,0.000000,0.001286,194.462952,500,16,16,32,32,16,0.007812,0.007812,0.015625,0.015625,0.007812
./images/PaviaCityPV.raw,2,10,292454400,0.000000,0.175194,0.291346,0.591194,0.618194,0.000000,0.007392,5.360353,21.941166,0.004342,0.278680,0.026966,30.391463,31.288341,3.077088,0.000000,0.000576,31.755459,500,32,32,32,32,32,0.031250,0.031250,0.031250,0.031250,0.031250
./images/SantaBarbaraLine2014PV.raw,2,10,705560576,0.000000,0.416941,0.703867,0.169049,0.237201,0.000000,0.011167,20.359340,49.697368,0.004509,0.145801,0.068112,83.256769,83.639779,13.183188,0.000000,0.001429,84.762018,500,16,16,32,32,16,0.015625,0.015625,0.031250,0.031250,0.015625
./images/PaviaCityPV.raw,4,10,292454400,0.000000,0.165725,0.291458,0.470727,0.497724,0.000000,0.009296,2.909446,11.012460,0.004232,0.000298,0.026959,15.118353,15.616378,1.181811,0.000000,0.000579,16.074140,500,32,32,32,32,32,0.062500,0.062500,0.062500,0.062500,0.062500
./images/SantaBarbaraLine2014PV.raw,4,10,705560576,0.000000,0.395153,0.703861,0.466334,0.534600,0.000000,0.011649,12.152617,24.916717,0.004317,0.055311,0.068226,42.345263,42.935182,5.258788,0.000000,0.001439,44.035636,500,16,16,32,32,16,0.031250,0.031250,0.062500,0.062500,0.031250
./images/PaviaCityPV.raw,8,10,292454400,0.000000,0.165037,0.291504,0.404796,0.431771,0.000000,0.010475,1.761710,5.592811,0.004228,0.094517,0.026932,7.908690,8.434981,0.538370,0.000000,0.000669,8.892192,500,32,32,32,32,32,0.125000,0.125000,0.125000,0.125000,0.125000
./images/SantaBarbaraLine2014PV.raw,8,10,705560576,0.000000,0.393688,0.703966,0.465227,0.533351,0.000000,0.010954,8.523436,12.679816,0.004290,0.105703,0.068080,23.708060,24.347122,2.488412,0.000000,0.001427,25.446204,500,16,16,32,32,16,0.062500,0.062500,0.125000,0.125000,0.062500
./images/PaviaCityPV.raw,16,10,292454400,0.000000,0.165233,0.291492,0.527488,0.554508,0.000000,0.010197,2.008259,2.880111,0.004124,0.131263,0.026979,5.244647,5.930421,0.340864,0.000000,0.000693,6.387840,500,32,32,32,32,32,0.250000,0.250000,0.250000,0.250000,0.250000
./images/SantaBarbaraLine2014PV.raw,16,10,705560576,0.000000,0.393026,0.703670,0.472571,0.540750,0.000000,0.010742,6.403864,7.166744,0.004235,0.150453,0.068136,14.721233,15.412445,1.134511,0.000000,0.001437,16.510580,500,16,16,32,32,16,0.125000,0.125000,0.250000,0.250000,0.125000
./images/PaviaCityPV.raw,32,10,292454400,0.000000,0.164542,0.291405,0.470466,0.497468,0.000000,0.009681,2.691950,1.616947,0.004140,0.250665,0.026960,4.692542,5.440682,0.368716,0.000000,0.000701,5.897331,500,32,32,32,32,32,0.500000,0.500000,0.500000,0.500000,0.500000
./images/SantaBarbaraLine2014PV.raw,32,10,705560576,0.000000,0.393033,0.703272,0.325786,0.393930,0.000000,0.010448,7.907549,5.609506,0.004206,0.056085,0.068102,14.440105,14.890127,0.907249,0.000000,0.001433,15.987865,500,16,16,32,32,16,0.250000,0.250000,0.500000,0.500000,0.250000
./images/PaviaCityPV.raw,64,10,292454400,0.000000,0.164590,0.291365,0.510776,0.538134,0.000000,0.009536,4.815654,1.108196,0.004073,0.032621,0.027306,6.303604,6.874367,0.365015,0.000000,0.000591,7.330914,500,32,32,32,32,31,1.000000,1.000000,1.000000,1.000000,0.968750
./images/SantaBarbaraLine2014PV.raw,64,10,705560576,0.000000,0.393202,0.703127,0.416697,0.484852,0.000000,0.010446,9.266336,4.326979,0.004149,0.324004,0.068105,14.401702,15.210565,0.792635,0.000000,0.001319,16.308214,500,16,16,32,32,16,0.500000,0.500000,1.000000,1.000000,0.500000
./images/PaviaCityPV.raw,128,10,292454400,0.000000,0.166455,0.291383,0.617511,0.644473,0.000000,0.010438,1.739179,0.765722,0.004288,0.185035,0.026921,2.695223,3.524734,0.174473,0.000000,0.000597,3.983171,500,16,16,16,16,16,1.000000,1.000000,1.000000,1.000000,1.000000
./images/SantaBarbaraLine2014PV.raw,128,10,705560576,0.000000,0.396512,0.703873,0.167681,0.238331,0.000000,0.010669,11.884401,3.724363,0.004146,0.113402,0.070601,16.528659,16.880399,0.903893,0.000000,0.001315,17.982100,500,16,16,16,16,16,1.000000,1.000000,1.000000,1.000000,1.000000
./images/PaviaCityPV.raw,256,10,292454400,0.000000,0.164627,0.291431,0.503342,0.530350,0.000000,0.010829,1.902625,0.664982,0.004283,0.185805,0.026964,2.759950,3.476111,0.176149,0.000000,0.000592,3.932762,500,8,8,8,8,8,1.000000,1.000000,1.000000,1.000000,1.000000
./images/SantaBarbaraLine2014PV.raw,256,10,705560576,0.000000,0.393672,0.703922,0.810860,0.879089,0.000000,0.011113,6.758076,3.759577,0.004203,0.000474,0.068187,11.248613,12.128183,0.714490,0.000000,0.001407,13.227184,500,8,8,8,8,8,1.000000,1.000000,1.000000,1.000000,1.000000
./images/PaviaCityPV.raw,512,10,292454400,0.000000,0.164957,0.291326,0.287857,0.314897,0.000000,0.010720,1.875380,0.677245,0.004219,0.183195,0.027001,2.744273,3.242373,0.175617,0.000000,0.000718,3.699375,500,4,4,4,4,4,1.000000,1.000000,1.000000,1.000000,1.000000
./images/SantaBarbaraLine2014PV.raw,512,10,705560576,0.000000,0.393423,0.703816,0.770638,0.838835,0.000000,0.010438,7.031929,3.903792,0.004129,0.001022,0.068150,11.682852,12.522716,0.731402,0.000000,0.001318,13.621273,500,4,4,4,4,4,1.000000,1.000000,1.000000,1.000000,1.000000
./images/PaviaCityPV.raw,1024,10,292454400,0.000000,0.165019,0.291426,0.576554,0.603562,0.000000,0.008836,1.966735,0.774527,0.004151,0.108931,0.026967,2.943329,3.655825,0.187995,0.000000,0.000588,4.112860,500,2,2,2,2,2,1.000000,1.000000,1.000000,1.000000,1.000000
./images/SantaBarbaraLine2014PV.raw,1024,10,705560576,0.000000,0.393312,0.703721,0.781209,0.849372,0.000000,0.010927,6.818622,4.228812,0.004215,0.125073,0.068116,11.823359,12.797811,0.759621,0.000000,0.001450,13.896295,500,2,2,2,2,2,1.000000,1.000000,1.000000,1.000000,1.000000
./images/PaviaCityPV.raw,1,10,292454400,0.000000,1.431730,0.291075,0.547518,0.574153,0.000000,0.006417,12.651006,43.699238,0.004584,0.213376,0.026600,65.642645,66.430182,9.280192,0.000000,0.000584,68.153573,500,32,32,32,32,32,0.015625,0.015625,0.015625,0.015625,0.015625
./images/SantaBarbaraLine2014PV.raw,1,10,705560576,0.000000,3.248603,0.702181,0.300006,0.366918,0.000000,0.011115,52.012021,99.020392,0.004978,0.010579,0.066862,190.841454,191.218961,39.791704,0.000000,0.001405,195.171152,500,16,16,32,32,16,0.007812,0.007812,0.015625,0.015625,0.007812
./images/PaviaCityPV.raw,2,10,292454400,0.000000,0.174787,0.290910,0.469865,0.496869,0.000000,0.007435,5.387918,21.936510,0.004393,0.017415,0.026968,30.412782,30.927069,3.075349,0.000000,0.000858,31.393626,500,32,32,32,32,32,0.031250,0.031250,0.031250,0.031250,0.031250
./images/SantaBarbaraLine2014PV.raw,2,10,705560576,0.000000,0.405704,0.702242,0.725479,0.790051,0.000000,0.011262,20.458074,49.664822,0.004478,0.118902,0.064529,83.467693,84.376649,13.327849,0.000000,0.001391,85.485987,500,16,16,32,32,16,0.015625,0.015625,0.031250,0.031250,0.015625
./images/PaviaCityPV.raw,4,10,292454400,0.000000,0.174544,0.291358,0.635153,0.663076,0.000000,0.009283,2.925022,11.014733,0.004276,0.000343,0.027885,15.136921,15.800343,1.182456,0.000000,0.000604,16.266851,500,32,32,32,32,32,0.062500,0.062500,0.062500,0.062500,0.062500
./images/SantaBarbaraLine2014PV.raw,4,10,705560576,0.000000,0.404434,0.703005,0.624513,0.689075,0.000000,0.011714,12.209955,24.902859,0.004399,0.023845,0.064520,42.440279,43.153202,5.310110,0.000000,0.001312,44.261953,500,16,16,32,32,16,0.031250,0.031250,0.062500,0.062500,0.031250
./images/PaviaCityPV.raw,8,10,292454400,0.000000,0.175563,0.291372,0.181437,0.209571,0.000000,0.010335,1.772029,5.598217,0.004243,0.002281,0.028093,7.924416,8.136271,0.538428,0.000000,0.000610,8.603817,500,32,32,32,32,32,0.125000,0.125000,0.125000,0.125000,0.125000
./images/SantaBarbaraLine2014PV.raw,8,10,705560576,0.000000,0.402577,0.703016,0.582826,0.647413,0.000000,0.011060,8.560636,12.644558,0.004329,0.219008,0.064543,23.724938,24.591364,2.503144,0.000000,0.001404,25.698362,500,16,16,32,32,16,0.062500,0.062500,0.125000,0.125000,0.062500
./images/PaviaCityPV.raw,16,10,292454400,0.000000,0.174493,0.291126,0.458535,0.486657,0.000000,0.010231,2.015020,2.887699,0.004199,0.000349,0.028077,5.260089,5.747098,0.341741,0.000000,0.000612,6.213331,500,32,32,32,32,32,0.250000,0.250000,0.250000,0.250000,0.250000
./images/SantaBarbaraLine2014PV.raw,16,10,705560576,0.000000,0.405019,0.703188,0.383667,0.448181,0.000000,0.010865,6.431031,7.062787,0.004306,0.204441,0.064463,14.621840,15.274470,1.111618,0.000000,0.001424,16.384103,500,16,16,32,32,16,0.125000,0.125000,0.250000,0.250000,0.125000
./images/PaviaCityPV.raw,32,10,292454400,0.000000,0.175546,0.291135,0.529703,0.557902,0.000000,0.010081,2.699270,1.631695,0.004175,0.168050,0.028156,4.713551,5.439507,0.367160,0.000000,0.000611,5.906800,500,32,32,32,32,32,0.500000,0.500000,0.500000,0.500000,0.500000
./images/SantaBarbaraLine2014PV.raw,32,10,705560576,0.000000,0.405195,0.703320,0.481270,0.545825,0.000000,0.010640,7.913011,5.480313,0.004235,0.070608,0.064511,14.319736,14.936176,0.910339,0.000000,0.001301,16.045994,500,16,16,32,32,16,0.250000,0.250000,0.500000,0.500000,0.250000
./images/PaviaCityPV.raw,64,10,292454400,0.000000,0.175654,0.291131,0.384171,0.412346,0.000000,0.010111,4.819090,1.133207,0.004160,0.123417,0.028132,6.333318,6.869091,0.365584,0.000000,0.000605,7.336481,500,32,32,32,32,31,1.000000,1.000000,1.000000,1.000000,0.968750
./images/SantaBarbaraLine2014PV.raw,64,10,705560576,0.000000,0.404722,0.703155,0.383375,0.448024,0.000000,0.010545,9.285525,4.241844,0.004242,0.047142,0.064607,14.337941,14.833110,0.794572,0.000000,0.001308,15.942296,500,16,16,32,32,16,0.500000,0.500000,1.000000,1.000000,0.500000
./images/PaviaCityPV.raw,128,10,292454400,0.000000,0.177473,0.291435,0.591363,0.619494,0.000000,0.010857,1.738980,0.785169,0.004308,0.053580,0.028089,2.714936,3.388020,0.174458,0.000000,0.000733,3.857662,500,16,16,16,16,16,1.000000,1.000000,1.000000,1.000000,1.000000
./images/SantaBarbaraLine2014PV.raw,128,10,705560576,0.000000,0.404645,0.703191,0.391248,0.455763,0.000000,0.011044,11.904267,3.744800,0.004242,0.000497,0.064472,16.571667,17.027932,0.906062,0.000000,0.001434,18.137203,500,16,16,16,16,16,1.000000,1.000000,1.000000,1.000000,1.000000
./images/PaviaCityPV.raw,256,10,292454400,0.000000,0.174442,0.291432,0.783522,0.809876,0.000000,0.011782,1.901579,0.685364,0.004294,0.193039,0.026298,2.780236,3.783160,0.176105,0.000000,0.000638,4.249673,500,8,8,8,8,8,1.000000,1.000000,1.000000,1.000000,1.000000
./images/SantaBarbaraLine2014PV.raw,256,10,705560576,0.000000,0.406692,0.702594,0.777203,0.845091,0.000000,0.011171,6.792217,3.768916,0.004232,0.151159,0.067840,11.293347,12.289607,0.715639,0.000000,0.001417,13.400311,500,8,8,8,8,8,1.000000,1.000000,1.000000,1.000000,1.000000
./images/PaviaCityPV.raw,512,10,292454400,0.000000,0.173936,0.290939,0.161287,0.189261,0.000000,0.010851,1.875183,0.676324,0.004289,0.128102,0.027933,2.743374,3.060741,0.175572,0.000000,0.000592,3.526210,500,4,4,4,4,4,1.000000,1.000000,1.000000,1.000000,1.000000
./images/SantaBarbaraLine2014PV.raw,512,10,705560576,0.000000,0.406394,0.702409,0.751825,0.819677,0.000000,0.010483,7.054206,3.912386,0.004214,0.237441,0.067804,11.713036,12.770162,0.730580,0.000000,0.001425,13.880392,500,4,4,4,4,4,1.000000,1.000000,1.000000,1.000000,1.000000
./images/PaviaCityPV.raw,1024,10,292454400,0.000000,0.172485,0.291035,0.516618,0.543663,0.000000,0.008894,1.966586,0.775791,0.004165,0.063681,0.027002,2.944657,3.552003,0.188106,0.000000,0.000693,4.016218,500,2,2,2,2,2,1.000000,1.000000,1.000000,1.000000,1.000000
./images/SantaBarbaraLine2014PV.raw,1024,10,705560576,0.000000,0.406645,0.702596,0.739836,0.807662,0.000000,0.010987,6.833401,4.245363,0.004221,0.415207,0.067782,11.855611,13.078484,0.760479,0.000000,0.001363,14.189089,500,2,2,2,2,2,1.000000,1.000000,1.000000,1.000000,1.000000
./images/PaviaCityPV.raw,1,10,292454400,0.000000,1.434100,0.291064,0.544826,0.572793,0.000000,0.006379,12.585083,43.698534,0.004535,0.000327,0.027926,65.531996,66.105123,9.236242,0.000000,0.000599,67.830887,500,32,32,32,32,32,0.015625,0.015625,0.015625,0.015625,0.015625
./images/SantaBarbaraLine2014PV.raw,1,10,705560576,0.000000,3.572852,0.703722,0.292792,0.362296,0.000000,0.011081,51.826873,99.009453,0.004984,0.299245,0.069459,190.497401,191.158945,39.643812,0.000000,0.001393,195.436913,500,16,16,32,32,16,0.007812,0.007812,0.015625,0.015625,0.007812
./images/PaviaCityPV.raw,2,10,292454400,0.000000,0.183398,0.291154,0.509930,0.534881,0.000000,0.007402,5.356518,21.935926,0.004400,0.087239,0.024914,30.365334,30.987459,3.059937,0.000000,0.000892,31.462903,500,32,32,32,32,32,0.031250,0.031250,0.031250,0.031250,0.031250
./images/SantaBarbaraLine2014PV.raw,2,10,705560576,0.000000,0.425711,0.701924,0.757719,0.826851,0.000000,0.011264,20.374290,49.659207,0.004529,0.000489,0.069089,83.332908,84.160256,13.282344,0.000000,0.001517,85.289408,500,16,16,32,32,16,0.015625,0.015625,0.031250,0.031250,0.015625
./images/PaviaCityPV.raw,4,10,292454400,0.000000,0.180676,0.291483,0.176129,0.205786,0.000000,0.009352,2.907432,11.014780,0.004288,0.134693,0.029617,15.114475,15.454958,1.177416,0.000000,0.000752,15.927870,500,32,32,32,32,32,0.062500,0.062500,0.062500,0.062500,0.062500
./images/SantaBarbaraLine2014PV.raw,4,10,705560576,0.000000,0.418012,0.703073,0.306158,0.375133,0.000000,0.011657,12.162265,24.901637,0.004344,0.072794,0.068930,42.371811,42.819740,5.290683,0.000000,0.001382,43.942208,500,16,16,32,32,16,0.031250,0.031250,0.062500,0.062500,0.031250
./images/PaviaCityPV.raw,8,10,292454400,0.000000,0.180335,0.290913,0.467276,0.496144,0.000000,0.010295,1.767748,5.598419,0.004229,0.041178,0.028815,7.919219,8.456548,0.537322,0.000000,0.000631,8.928428,500,32,32,32,32,32,0.125000,0.125000,0.125000,0.125000,0.125000
./images/SantaBarbaraLine2014PV.raw,8,10,705560576,0.000000,0.413208,0.703223,0.341811,0.412888,0.000000,0.011071,8.537194,12.644744,0.004337,0.177736,0.071033,23.694927,24.285559,2.496402,0.000000,0.001493,25.403484,500,16,16,32,32,16,0.062500,0.062500,0.125000,0.125000,0.062500
./images/PaviaCityPV.raw,16,10,292454400,0.000000,0.179796,0.290913,0.474785,0.503595,0.000000,0.010284,2.013425,2.887464,0.004161,0.172903,0.028766,5.257815,5.934321,0.341323,0.000000,0.000764,6.405796,500,32,32,32,32,32,0.250000,0.250000,0.250000,0.250000,0.250000
./images/SantaBarbaraLine2014PV.raw,16,10,705560576,0.000000,0.419973,0.703333,0.357238,0.427618,0.000000,0.010812,6.427692,7.068591,0.004293,0.248670,0.070333,14.622789,15.299080,1.110241,0.000000,0.001369,16.423757,500,16,16,32,32,16,0.125000,0.125000,0.250000,0.250000,0.125000
./images/PaviaCityPV.raw,32,10,292454400,0.000000,0.178243,0.291146,0.494821,0.523214,0.000000,0.009913,2.698991,1.631831,0.004086,0.218221,0.028348,4.712949,5.454387,0.367019,0.000000,0.000738,5.924516,500,32,32,32,32,32,0.500000,0.500000,0.500000,0.500000,0.500000
./images/SantaBarbaraLine2014PV.raw,32,10,705560576,0.000000,0.415126,0.703857,0.389094,0.458366,0.000000,0.010543,7.927345,5.487122,0.004147,0.062408,0.069226,14.341967,14.862751,0.911666,0.000000,0.001464,15.983199,500,16,16,32,32,16,0.250000,0.250000,0.500000,0.500000,0.250000
./images/PaviaCityPV.raw,64,10,292454400,0.000000,0.179029,0.291082,0.563592,0.591934,0.000000,0.009959,4.819163,1.133752,0.004068,0.031634,0.028298,6.333705,6.957280,0.365613,0.000000,0.000659,7.428050,500,32,32,32,32,31,1.000000,1.000000,1.000000,1.000000,0.968750
./images/SantaBarbaraLine2014PV.raw,64,10,705560576,0.000000,0.416190,0.703719,0.400814,0.470255,0.000000,0.010469,9.307276,4.240624,0.004141,0.000510,0.069386,14.359726,14.830494,0.796056,0.000000,0.001479,15.951883,500,16,16,32,32,16,0.500000,0.500000,1.000000,1.000000,0.500000
./images/PaviaCityPV.raw,128,10,292454400,0.000000,0.179040,0.291094,0.528562,0.556953,0.000000,0.010659,1.737199,0.785927,0.004280,0.142161,0.028348,2.713521,3.412639,0.174337,0.000000,0.000695,3.883469,500,16,16,16,16,16,1.000000,1.000000,1.000000,1.000000,1.000000
./images/SantaBarbaraLine2014PV.raw,128,10,705560576,0.000000,0.414975,0.703449,0.383164,0.452453,0.000000,0.010913,11.915055,3.748299,0.004187,0.000513,0.069243,16.586625,17.039594,0.906971,0.000000,0.001348,18.159367,500,16,16,16,16,16,1.000000,1.000000,1.000000,1.000000,1.000000
./images/PaviaCityPV.raw,256,10,292454400,0.000000,0.178019,0.291117,0.510312,0.538331,0.000000,0.011668,1.901025,0.684921,0.004271,0.235584,0.027961,2.779006,3.552929,0.176002,0.000000,0.000743,4.022810,500,8,8,8,8,8,1.000000,1.000000,1.000000,1.000000,1.000000
./images/SantaBarbaraLine2014PV.raw,256,10,705560576,0.000000,0.413837,0.704124,0.406729,0.473743,0.000000,0.011053,6.779551,3.761257,0.004154,0.173540,0.066969,11.271247,11.918537,0.714015,0.000000,0.001384,13.037883,500,8,8,8,8,8,1.000000,1.000000,1.000000,1.000000,1.000000
./images/PaviaCityPV.raw,512,10,292454400,0.000000,0.181337,0.291110,0.464568,0.493710,0.000000,0.010663,1.874690,0.674504,0.004271,0.217960,0.029099,2.740620,3.452293,0.175366,0.000000,0.000752,3.925493,500,4,4,4,4,4,1.000000,1.000000,1.000000,1.000000,1.000000
./images/SantaBarbaraLine2014PV.raw,512,10,705560576,0.000000,0.413613,0.703726,0.391916,0.458882,0.000000,0.010369,7.054403,3.908559,0.004148,0.253826,0.066911,11.708456,12.421171,0.729801,0.000000,0.001332,13.539843,500,4,4,4,4,4,1.000000,1.000000,1.000000,1.000000,1.000000
./images/PaviaCityPV.raw,1024,10,292454400,0.000000,0.178060,0.291080,0.564030,0.592314,0.000000,0.008753,1.966575,0.772861,0.004144,0.041696,0.028241,2.941407,3.575425,0.187986,0.000000,0.000734,4.045301,500,2,2,2,2,2,1.000000,1.000000,1.000000,1.000000,1.000000
./images/SantaBarbaraLine2014PV.raw,1024,10,705560576,0.000000,0.415792,0.703802,0.381359,0.448284,0.000000,0.010924,6.834528,4.247655,0.004184,0.127587,0.066872,11.858934,12.434812,0.760507,0.000000,0.001336,13.555744,500,2,2,2,2,2,1.000000,1.000000,1.000000,1.000000,1.000000
./images/PaviaCityPV.raw,1,10,292454400,0.000000,1.507842,0.291423,0.311513,0.339526,0.000000,0.006383,12.583368,43.698359,0.004536,0.095230,0.027969,65.528803,65.963564,9.235003,0.000000,0.000881,67.763711,500,32,32,32,32,32,0.015625,0.015625,0.015625,0.015625,0.015625
./images/SantaBarbaraLine2014PV.raw,1,10,705560576,0.000000,3.566206,0.702444,0.722326,0.789265,0.000000,0.011113,51.824975,99.015110,0.004905,0.120637,0.066896,190.499554,191.409460,39.642250,0.000000,0.001751,195.679862,500,16,16,32,32,16,0.007812,0.007812,0.015625,0.015625,0.007812
./images/PaviaCityPV.raw,2,10,292454400,0.000000,0.175566,0.291172,0.511676,0.539396,0.000000,0.007434,5.357278,21.936506,0.004434,0.021498,0.027679,30.368075,30.928977,3.061233,0.000000,0.000759,31.396475,500,32,32,32,32,32,0.031250,0.031250,0.031250,0.031250,0.031250
./images/SantaBarbaraLine2014PV.raw,2,10,705560576,0.000000,0.415058,0.702554,0.713168,0.780139,0.000000,0.011255,20.374033,49.664015,0.004512,0.208719,0.066924,83.331943,84.320810,13.276934,0.000000,0.001833,85.440256,500,16,16,32,32,16,0.015625,0.015625,0.031250,0.031250,0.015625
./images/PaviaCityPV.raw,4,10,292454400,0.000000,0.175722,0.291236,0.613553,0.641268,0.000000,0.009318,2.908681,11.015149,0.004263,0.000339,0.027675,15.116621,15.758236,1.178126,0.000000,0.000698,16.225893,500,32,32,32,32,32,0.062500,0.062500,0.062500,0.062500,0.062500
./images/SantaBarbaraLine2014PV.raw,4,10,705560576,0.000000,0.408603,0.703109,0.719444,0.786255,0.000000,0.011628,12.161363,24.903527,0.004295,0.311646,0.066764,42.371050,43.468960,5.289016,0.000000,0.001485,44.582157,500,16,16,32,32,16,0.031250,0.031250,0.062500,0.062500,0.031250
./images/PaviaCityPV.raw,8,10,292454400,0.000000,0.173442,0.290955,0.607876,0.634431,0.000000,0.010519,1.763270,5.597830,0.004212,0.042418,0.026513,7.914605,8.591461,0.537637,0.000000,0.000597,9.056456,500,32,32,32,32,32,0.125000,0.125000,0.125000,0.125000,0.125000
./images/SantaBarbaraLine2014PV.raw,8,10,705560576,0.000000,0.407039,0.702235,0.736623,0.805522,0.000000,0.011122,8.528990,12.645231,0.004339,0.025737,0.068857,23.685731,24.516998,2.494837,0.000000,0.001289,25.627561,500,16,16,32,32,16,0.062500,0.062500,0.125000,0.125000,0.062500
./images/PaviaCityPV.raw,16,10,292454400,0.000000,0.175816,0.290997,0.650781,0.677406,0.000000,0.010502,2.009521,2.887627,0.004210,0.271618,0.026583,5.254259,6.203286,0.341289,0.000000,0.000696,6.670795,500,32,32,32,32,32,0.250000,0.250000,0.250000,0.250000,0.250000
./images/SantaBarbaraLine2014PV.raw,16,10,705560576,0.000000,0.407215,0.702266,0.302979,0.366969,0.000000,0.010834,6.404130,7.062951,0.004278,0.229373,0.063940,14.591157,15.187506,1.107761,0.000000,0.001409,16.298397,500,16,16,32,32,16,0.125000,0.125000,0.250000,0.250000,0.125000
./images/PaviaCityPV.raw,32,10,292454400,0.000000,0.173354,0.291007,0.445499,0.472081,0.000000,0.010056,2.692182,1.631971,0.004124,0.000471,0.026539,4.705876,5.178431,0.366397,0.000000,0.000594,5.643387,500,32,32,32,32,32,0.500000,0.500000,0.500000,0.500000,0.500000
./images/SantaBarbaraLine2014PV.raw,32,10,705560576,0.000000,0.407391,0.702227,0.501766,0.565707,0.000000,0.010627,7.895977,5.467162,0.004216,0.071070,0.063894,14.287109,14.923895,0.907915,0.000000,0.001287,16.034801,500,16,16,32,32,16,0.250000,0.250000,0.500000,0.500000,0.250000
./images/PaviaCityPV.raw,64,10,292454400,0.000000,0.173360,0.290956,0.393221,0.419795,0.000000,0.010095,4.818530,1.134661,0.004131,0.147199,0.026528,6.333853,6.900855,0.365294,0.000000,0.000582,7.365754,500,32,32,32,32,31,1.000000,1.000000,1.000000,1.000000,0.968750
./images/SantaBarbaraLine2014PV.raw,64,10,705560576,0.000000,0.406857,0.702224,0.398332,0.462380,0.000000,0.010524,9.279624,4.238080,0.004182,0.199158,0.064004,14.326933,14.988479,0.793360,0.000000,0.001283,16.098845,500,16,16,32,32,16,0.500000,0.500000,1.000000,1.000000,0.500000
./images/PaviaCityPV.raw,128,10,292454400,0.000000,0.173198,0.290981,0.830965,0.857579,0.000000,0.010686,1.751252,0.773346,0.004248,0.240624,0.026571,2.714721,3.812928,0.174054,0.000000,0.000591,4.277699,500,16,16,16,16,16,1.000000,1.000000,1.000000,1.000000,1.000000
./images/SantaBarbaraLine2014PV.raw,128,10,705560576,0.000000,0.408143,0.703334,0.776917,0.837638,0.000000,0.010952,11.848780,3.695645,0.004167,0.143081,0.060676,16.460536,17.441264,0.899825,0.000000,0.001476,18.554217,500,16,16,16,16,16,1.000000,1.000000,1.000000,1.000000,1.000000
./images/PaviaCityPV.raw,256,10,292454400,0.000000,0.173896,0.290951,0.881297,0.909037,0.000000,0.011565,1.908730,0.671195,0.004201,0.209634,0.027697,2.772495,3.891169,0.175689,0.000000,0.000590,4.356607,500,8,8,8,8,8,1.000000,1.000000,1.000000,1.000000,1.000000
./images/SantaBarbaraLine2014PV.raw,256,10,705560576,0.000000,0.412106,0.703798,0.728230,0.793296,0.000000,0.011088,6.700932,3.709026,0.004209,0.000500,0.065023,11.131981,11.925781,0.705536,0.000000,0.001304,13.042989,500,8,8,8,8,8,1.000000,1.000000,1.000000,1.000000,1.000000
./images/PaviaCityPV.raw,512,10,292454400,0.000000,0.173960,0.291000,0.866972,0.894180,0.000000,0.010697,1.880198,0.661158,0.004205,0.211009,0.027166,2.732600,3.837794,0.175205,0.000000,0.000607,4.303362,500,4,4,4,4,4,1.000000,1.000000,1.000000,1.000000,1.000000
./images/SantaBarbaraLine2014PV.raw,512,10,705560576,0.000000,0.407460,0.702228,0.811258,0.877726,0.000000,0.010404,6.944970,3.847696,0.004199,0.135463,0.066424,11.529423,12.542616,0.721023,0.000000,0.001298,13.653603,500,4,4,4,4,4,1.000000,1.000000,1.000000,1.000000,1.000000
./images/PaviaCityPV.raw,1024,10,292454400,0.000000,0.176497,0.291162,0.827066,0.854242,0.000000,0.008867,1.969383,0.761957,0.004142,0.121691,0.027130,2.933433,3.909373,0.187969,0.000000,0.000642,4.377675,500,2,2,2,2,2,1.000000,1.000000,1.000000,1.000000,1.000000
./images/SantaBarbaraLine2014PV.raw,1024,10,705560576,0.000000,0.405961,0.702327,0.722067,0.788543,0.000000,0.010900,6.772703,4.196456,0.004121,0.123758,0.066430,11.738176,12.650486,0.752891,0.000000,0.001445,13.760220,500,2,2,2,2,2,1.000000,1.000000,1.000000,1.000000,1.000000
./images/PaviaCityPV.raw,1,10,292454400,0.000000,1.506281,0.291109,0.312041,0.339019,0.000000,0.006393,12.583709,43.697831,0.004546,0.094373,0.026944,65.530614,65.964009,9.236991,0.000000,0.000736,67.762137,500,32,32,32,32,32,0.015625,0.015625,0.015625,0.015625,0.015625
./images/SantaBarbaraLine2014PV.raw,1,10,705560576,0.000000,3.591995,0.703275,0.721436,0.787901,0.000000,0.011043,51.831846,99.011571,0.004853,0.107207,0.066422,190.512879,191.407991,39.652385,0.000000,0.001710,195.704972,500,16,16,32,32,16,0.007812,0.007812,0.015625,0.015625,0.007812
./images/PaviaCityPV.raw,2,10,292454400,0.000000,0.183682,0.291551,0.434052,0.461049,0.000000,0.007453,5.354672,21.935724,0.004399,0.000341,0.026953,30.365761,30.827154,3.062369,0.000000,0.000592,31.302980,500,32,32,32,32,32,0.031250,0.031250,0.031250,0.031250,0.031250
./images/SantaBarbaraLine2014PV.raw,2,10,705560576,0.000000,0.424426,0.702928,0.758333,0.823286,0.000000,0.011237,20.379986,49.660314,0.004495,0.221439,0.064913,83.345236,84.389966,13.288015,0.000000,0.001683,85.519004,500,16,16,32,32,16,0.015625,0.015625,0.031250,0.031250,0.015625
./images/PaviaCityPV.raw,4,10,292454400,0.000000,0.179353,0.291366,0.175742,0.202880,0.000000,0.009367,2.909462,11.014922,0.004323,0.164835,0.027096,15.117825,15.485544,1.178605,0.000000,0.000603,15.956866,500,32,32,32,32,32,0.062500,0.062500,0.062500,0.062500,0.062500
./images/SantaBarbaraLine2014PV.raw,4,10,705560576,0.000000,0.419677,0.703094,0.266736,0.331527,0.000000,0.011650,12.164507,24.901063,0.004326,0.209176,0.064734,42.373903,42.914613,5.291084,0.000000,0.001305,44.038691,500,16,16,32,32,16,0.031250,0.031250,0.062500,0.062500,0.031250
./images/PaviaCityPV.raw,8,10,292454400,0.000000,0.181459,0.291020,0.173748,0.201989,0.000000,0.010500,1.762572,5.597390,0.004206,0.000339,0.028196,7.913762,8.116097,0.537953,0.000000,0.000739,8.589315,500,32,32,32,32,32,0.125000,0.125000,0.125000,0.125000,0.125000
./images/SantaBarbaraLine2014PV.raw,8,10,705560576,0.000000,0.417293,0.702105,0.610279,0.675188,0.000000,0.011130,8.532082,12.642645,0.004300,0.325570,0.064864,23.687565,24.688327,2.496213,0.000000,0.001413,25.809139,500,16,16,32,32,16,0.062500,0.062500,0.125000,0.125000,0.062500
./images/PaviaCityPV.raw,16,10,292454400,0.000000,0.180546,0.290927,0.511247,0.539469,0.000000,0.010568,2.009671,2.886506,0.004218,0.185126,0.028179,5.253334,5.977932,0.341264,0.000000,0.000613,6.450018,500,32,32,32,32,32,0.250000,0.250000,0.250000,0.250000,0.250000
./images/SantaBarbaraLine2014PV.raw,16,10,705560576,0.000000,0.416394,0.702108,0.474384,0.539152,0.000000,0.010898,6.403549,7.056685,0.004303,0.233485,0.064722,14.584409,15.357055,1.107789,0.000000,0.001297,16.476855,500,16,16,32,32,16,0.125000,0.125000,0.250000,0.250000,0.125000
./images/PaviaCityPV.raw,32,10,292454400,0.000000,0.180434,0.290975,0.511700,0.539916,0.000000,0.010061,2.693740,1.630670,0.004132,0.182114,0.028167,4.706802,5.428835,0.367019,0.000000,0.000740,5.900985,500,32,32,32,32,32,0.500000,0.500000,0.500000,0.500000,0.500000
./images/SantaBarbaraLine2014PV.raw,32,10,705560576,0.000000,0.416889,0.702093,0.375382,0.440183,0.000000,0.010653,7.892168,5.465482,0.004268,0.076992,0.064758,14.281111,14.798289,0.907353,0.000000,0.001296,15.918570,500,16,16,32,32,16,0.250000,0.250000,0.500000,0.500000,0.250000
./images/PaviaCityPV.raw,64,10,292454400,0.000000,0.179695,0.290942,0.502062,0.529117,0.000000,0.010118,4.820061,1.132827,0.004135,0.070295,0.027013,6.333573,6.932988,0.365307,0.000000,0.000602,7.404228,500,32,32,32,32,31,1.000000,1.000000,1.000000,1.000000,0.968750
./images/SantaBarbaraLine2014PV.raw,64,10,705560576,0.000000,0.416373,0.702146,0.823411,0.888318,0.000000,0.010601,9.276403,4.237110,0.004229,0.164514,0.064862,14.322438,15.375274,0.792899,0.000000,0.001307,16.495101,500,16,16,32,32,16,0.500000,0.500000,1.000000,1.000000,0.500000
./images/PaviaCityPV.raw,128,10,292454400,0.000000,0.179081,0.290939,0.515406,0.542418,0.000000,0.010918,1.732066,0.793767,0.004309,0.257418,0.026969,2.716687,3.516530,0.174490,0.000000,0.000604,3.987155,500,16,16,16,16,16,1.000000,1.000000,1.000000,1.000000,1.000000
./images/SantaBarbaraLine2014PV.raw,128,10,705560576,0.000000,0.422926,0.702091,0.501768,0.569349,0.000000,0.011118,11.929189,3.746049,0.004220,0.307358,0.067535,16.599541,17.476251,0.907756,0.000000,0.001423,18.602692,500,16,16,16,16,16,1.000000,1.000000,1.000000,1.000000,1.000000
./images/PaviaCityPV.raw,256,10,292454400,0.000000,0.179111,0.290989,0.520755,0.547230,0.000000,0.011898,1.901743,0.689437,0.004324,0.246903,0.026428,2.784660,3.578797,0.176136,0.000000,0.000636,4.049534,500,8,8,8,8,8,1.000000,1.000000,1.000000,1.000000,1.000000
./images/SantaBarbaraLine2014PV.raw,256,10,705560576,0.000000,0.416292,0.702411,0.540861,0.605833,0.000000,0.011238,6.782138,3.774362,0.004223,0.039322,0.064930,11.290424,11.935582,0.717294,0.000000,0.001411,13.055696,500,8,8,8,8,8,1.000000,1.000000,1.000000,1.000000,1.000000
./images/PaviaCityPV.raw,512,10,292454400,0.000000,0.179974,0.290998,0.405954,0.433004,0.000000,0.010968,1.873543,0.678503,0.004355,0.204598,0.027003,2.744016,3.381621,0.175507,0.000000,0.000608,3.853202,500,4,4,4,4,4,1.000000,1.000000,1.000000,1.000000,1.000000
./images/SantaBarbaraLine2014PV.raw,512,10,705560576,0.000000,0.416924,0.702076,0.853211,0.917997,0.000000,0.010602,7.043261,3.916471,0.004239,0.221286,0.064744,11.709076,12.848361,0.733311,0.000000,0.001304,13.968665,500,4,4,4,4,4,1.000000,1.000000,1.000000,1.000000,1.000000
./images/PaviaCityPV.raw,1024,10,292454400,0.000000,0.181699,0.290949,0.521920,0.548963,0.000000,0.009061,1.966209,0.776557,0.004238,0.091641,0.027001,2.945337,3.585944,0.188125,0.000000,0.000609,4.059202,500,2,2,2,2,2,1.000000,1.000000,1.000000,1.000000,1.000000
./images/SantaBarbaraLine2014PV.raw,1024,10,705560576,0.000000,0.426764,0.702034,0.835778,0.900494,0.000000,0.011046,6.835849,4.240160,0.004244,0.054607,0.064672,11.853349,12.808453,0.760862,0.000000,0.001438,13.938690,500,2,2,2,2,2,1.000000,1.000000,1.000000,1.000000,1.000000
./images/PaviaCityPV.raw,1,10,292454400,0.000000,1.375956,0.291176,0.390801,0.417616,0.000000,0.006366,12.627999,43.698358,0.004578,0.091869,0.026781,65.602464,66.111960,9.264015,0.000000,0.000874,67.779968,500,32,32,32,32,32,0.015625,0.015625,0.015625,0.015625,0.015625
./images/SantaBarbaraLine2014PV.raw,1,10,705560576,0.000000,3.583108,0.703677,0.694989,0.753464,0.000000,0.011078,51.845284,99.013109,0.005027,0.107311,0.058435,190.539420,191.400199,39.663639,0.000000,0.001837,195.688822,500,16,16,32,32,16,0.007812,0.007812,0.015625,0.015625,0.007812
./images/PaviaCityPV.raw,2,10,292454400,0.000000,0.180603,0.291274,0.501116,0.527835,0.000000,0.007426,5.378054,21.936762,0.004426,0.196099,0.026684,30.396604,31.120547,3.068770,0.000000,0.000674,31.593099,500,32,32,32,32,32,0.031250,0.031250,0.031250,0.031250,0.031250
./images/SantaBarbaraLine2014PV.raw,2,10,705560576,0.000000,0.416328,0.702687,0.344425,0.408284,0.000000,0.011212,20.398468,49.660806,0.004484,0.000493,0.063819,83.374432,83.783219,13.298276,0.000000,0.001398,84.903634,500,16,16,32,32,16,0.015625,0.015625,0.031250,0.031250,0.015625
./images/PaviaCityPV.raw,4,10,292454400,0.000000,0.177551,0.291216,0.340166,0.366897,0.000000,0.009308,2.917116,11.014406,0.004287,0.001552,0.026694,15.126118,15.494571,1.179921,0.000000,0.000692,15.964031,500,32,32,32,32,32,0.062500,0.062500,0.062500,0.062500,0.062500
./images/SantaBarbaraLine2014PV.raw,4,10,705560576,0.000000,0.410732,0.703001,0.349997,0.413869,0.000000,0.011581,12.197870,24.901825,0.004291,0.113481,0.063831,42.419875,42.947234,5.303134,0.000000,0.001792,44.062761,500,16,16,32,32,16,0.031250,0.031250,0.062500,0.062500,0.031250
./images/PaviaCityPV.raw,8,10,292454400,0.000000,0.176484,0.291019,0.633883,0.661530,0.000000,0.010446,1.769118,5.597358,0.004218,0.000332,0.027599,7.919606,8.581475,0.537328,0.000000,0.000721,9.049701,500,32,32,32,32,32,0.125000,0.125000,0.125000,0.125000,0.125000
./images/SantaBarbaraLine2014PV.raw,8,10,705560576,0.000000,0.413613,0.702401,0.721004,0.784839,0.000000,0.010969,8.559322,12.643876,0.004311,0.188621,0.063794,23.720294,24.693757,2.500627,0.000000,0.001739,25.811510,500,16,16,32,32,16,0.062500,0.062500,0.125000,0.125000,0.062500
./images/PaviaCityPV.raw,16,10,292454400,0.000000,0.177260,0.291054,0.580276,0.607985,0.000000,0.010424,2.012406,2.886431,0.004182,0.209848,0.027665,5.255858,6.073698,0.341319,0.000000,0.000826,6.542840,500,32,32,32,32,32,0.250000,0.250000,0.250000,0.250000,0.250000
./images/SantaBarbaraLine2014PV.raw,16,10,705560576,0.000000,0.409360,0.702515,0.160538,0.224316,0.000000,0.010863,6.426503,7.055154,0.004209,0.075630,0.063728,14.607609,14.907561,1.109744,0.000000,0.001846,16.021284,500,16,16,32,32,16,0.125000,0.125000,0.250000,0.250000,0.125000
./images/PaviaCityPV.raw,32,10,292454400,0.000000,0.176675,0.291018,0.504516,0.532212,0.000000,0.010104,2.697939,1.632255,0.004131,0.144454,0.027651,4.712370,5.389045,0.366845,0.000000,0.000788,5.857528,500,32,32,32,32,32,0.500000,0.500000,0.500000,0.500000,0.500000
./images/SantaBarbaraLine2014PV.raw,32,10,705560576,0.000000,0.410844,0.703023,0.753389,0.822023,0.000000,0.010630,7.921061,5.460668,0.004286,0.000508,0.068592,14.309031,15.131570,0.911196,0.000000,0.001348,16.246786,500,16,16,32,32,16,0.250000,0.250000,0.500000,0.500000,0.250000
./images/PaviaCityPV.raw,64,10,292454400,0.000000,0.178586,0.291609,0.259039,0.286862,0.000000,0.009974,4.815684,1.134024,0.004130,0.227767,0.027771,6.330382,6.845015,0.365421,0.000000,0.000667,7.315879,500,32,32,32,32,31,1.000000,1.000000,1.000000,1.000000,0.968750
./images/SantaBarbaraLine2014PV.raw,64,10,705560576,0.000000,0.414389,0.702291,0.503839,0.567826,0.000000,0.010440,9.296724,4.239020,0.004162,0.000477,0.063940,14.347154,14.915460,0.795653,0.000000,0.001269,16.033410,500,16,16,32,32,16,0.500000,0.500000,1.000000,1.000000,0.500000
./images/PaviaCityPV.raw,128,10,292454400,0.000000,0.179372,0.291432,0.514342,0.542319,0.000000,0.010661,1.751291,0.771217,0.004257,0.191245,0.027935,2.712547,3.446114,0.173999,0.000000,0.000773,3.917692,500,16,16,16,16,16,1.000000,1.000000,1.000000,1.000000,1.000000
./images/SantaBarbaraLine2014PV.raw,128,10,705560576,0.000000,0.413252,0.703112,0.721953,0.785939,0.000000,0.010848,11.851347,3.710351,0.004176,0.078465,0.063944,16.478158,17.342566,0.900287,0.000000,0.001747,18.460678,500,16,16,16,16,16,1.000000,1.000000,1.000000,1.000000,1.000000
./images/PaviaCityPV.raw,256,10,292454400,0.000000,0.179340,0.291390,0.510399,0.538326,0.000000,0.011536,1.908479,0.670372,0.004234,0.251298,0.027887,2.771372,3.560999,0.175638,0.000000,0.000593,4.032323,500,8,8,8,8,8,1.000000,1.000000,1.000000,1.000000,1.000000
./images/SantaBarbaraLine2014PV.raw,256,10,705560576,0.000000,0.411037,0.702702,0.832214,0.896122,0.000000,0.010962,6.724378,3.706212,0.004189,0.009710,0.063864,11.150909,12.056745,0.704030,0.000000,0.001292,13.171777,500,8,8,8,8,8,1.000000,1.000000,1.000000,1.000000,1.000000
./images/PaviaCityPV.raw,512,10,292454400,0.000000,0.178618,0.291332,0.359221,0.387138,0.000000,0.010561,1.880104,0.661930,0.004166,0.182996,0.027877,2.733060,3.303202,0.175194,0.000000,0.000574,3.773728,500,4,4,4,4,4,1.000000,1.000000,1.000000,1.000000,1.000000
./images/SantaBarbaraLine2014PV.raw,512,10,705560576,0.000000,0.411368,0.702715,0.767238,0.831126,0.000000,0.010295,6.984101,3.851790,0.004122,0.000477,0.063845,11.571979,12.403585,0.720539,0.000000,0.001268,13.518937,500,4,4,4,4,4,1.000000,1.000000,1.000000,1.000000,1.000000
./images/PaviaCityPV.raw,1024,10,292454400,0.000000,0.179337,0.291423,0.874370,0.902188,0.000000,0.008752,1.969152,0.761368,0.004169,0.133323,0.027769,2.932368,3.967882,0.187825,0.000000,0.000699,4.439343,500,2,2,2,2,2,1.000000,1.000000,1.000000,1.000000,1.000000
./images/SantaBarbaraLine2014PV.raw,1024,10,705560576,0.000000,0.410976,0.702829,0.726740,0.790798,0.000000,0.010849,6.791606,4.209222,0.004183,0.162933,0.064016,11.771623,12.725357,0.754638,0.000000,0.001273,13.840437,500,2,2,2,2,2,1.000000,1.000000,1.000000,1.000000,1.000000
./images/PaviaCityPV.raw,1,10,292454400,0.000000,1.375755,0.291233,0.400445,0.428433,0.000000,0.006384,12.647892,43.703005,0.004555,0.005484,0.027952,65.677562,66.111487,9.314554,0.000000,0.000866,67.779342,500,32,32,32,32,32,0.015625,0.015625,0.015625,0.015625,0.015625
./images/SantaBarbaraLine2014PV.raw,1,10,705560576,0.000000,3.625552,0.702007,0.699298,0.763072,0.000000,0.011075,51.757972,99.149792,0.004861,0.045634,0.063730,190.595975,191.404690,39.671095,0.000000,0.001834,195.734084,500,16,16,32,32,16,0.007812,0.007812,0.015625,0.015625,0.007812
./images/PaviaCityPV.raw,2,10,292454400,0.000000,0.184602,0.291583,0.522204,0.550076,0.000000,0.007454,5.390194,21.941795,0.004371,0.001043,0.027827,30.438644,30.989767,3.093649,0.000000,0.000595,31.466549,500,32,32,32,32,32,0.031250,0.031250,0.031250,0.031250,0.031250
./images/SantaBarbaraLine2014PV.raw,2,10,705560576,0.000000,0.416514,0.703032,0.349831,0.413607,0.000000,0.011220,20.456661,49.702458,0.004555,0.173321,0.063722,83.410618,83.997554,13.234499,0.000000,0.001400,85.118500,500,16,16,32,32,16,0.015625,0.015625,0.031250,0.031250,0.015625
./images/PaviaCityPV.raw,4,10,292454400,0.000000,0.179807,0.291560,0.495784,0.522642,0.000000,0.009296,2.925968,11.013127,0.004270,0.000330,0.026816,15.140142,15.663118,1.186342,0.000000,0.000710,16.135196,500,32,32,32,32,32,0.062500,0.062500,0.062500,0.062500,0.062500
./images/SantaBarbaraLine2014PV.raw,4,10,705560576,0.000000,0.410367,0.702723,0.597152,0.663502,0.000000,0.011560,12.196234,24.921030,0.004310,0.168807,0.066305,42.405398,43.237712,5.271083,0.000000,0.001749,44.352552,500,16,16,32,32,16,0.031250,0.031250,0.062500,0.062500,0.031250
./images/PaviaCityPV.raw,8,10,292454400,0.000000,0.180172,0.291470,0.677129,0.703945,0.000000,0.010449,1.767099,5.593324,0.004182,0.004302,0.026771,7.915402,8.623663,0.539273,0.000000,0.000656,9.095961,500,32,32,32,32,32,0.125000,0.125000,0.125000,0.125000,0.125000
./images/SantaBarbaraLine2014PV.raw,8,10,705560576,0.000000,0.416503,0.703196,0.763369,0.830016,0.000000,0.010942,8.559365,12.683719,0.004215,0.152308,0.066603,23.753692,24.736026,2.494275,0.000000,0.001818,25.857543,500,16,16,32,32,16,0.062500,0.062500,0.125000,0.125000,0.062500
./images/PaviaCityPV.raw,16,10,292454400,0.000000,0.178857,0.291460,0.516228,0.543090,0.000000,0.010210,2.012862,2.881124,0.004075,0.214465,0.026813,5.250677,6.008238,0.341261,0.000000,0.000704,6.479259,500,32,32,32,32,32,0.250000,0.250000,0.250000,0.250000,0.250000
./images/SantaBarbaraLine2014PV.raw,16,10,705560576,0.000000,0.411690,0.703452,0.276185,0.340415,0.000000,0.010817,6.447128,7.195231,0.004250,0.048201,0.064181,14.796141,15.184760,1.137539,0.000000,0.001816,16.301719,500,16,16,32,32,16,0.125000,0.125000,0.250000,0.250000,0.125000
./images/PaviaCityPV.raw,32,10,292454400,0.000000,0.178786,0.291488,0.477032,0.503891,0.000000,0.009683,2.699012,1.618995,0.004077,0.129486,0.026816,4.701496,5.334881,0.368600,0.000000,0.000785,5.805941,500,32,32,32,32,32,0.500000,0.500000,0.500000,0.500000,0.500000
./images/SantaBarbaraLine2014PV.raw,32,10,705560576,0.000000,0.412206,0.702689,0.725369,0.789546,0.000000,0.010482,7.935712,5.614240,0.004182,0.163459,0.064132,14.475981,15.428989,0.910181,0.000000,0.001386,16.545271,500,16,16,32,32,16,0.250000,0.250000,0.500000,0.500000,0.250000
./images/PaviaCityPV.raw,64,10,292454400,0.000000,0.181795,0.291431,0.394494,0.422251,0.000000,0.009566,4.816035,1.109120,0.004086,0.029847,0.027714,6.305212,6.757314,0.365266,0.000000,0.000603,7.231145,500,32,32,32,32,31,1.000000,1.000000,1.000000,1.000000,0.968750
./images/SantaBarbaraLine2014PV.raw,64,10,705560576,0.000000,0.416574,0.703371,0.473001,0.537114,0.000000,0.010477,9.279978,4.349362,0.004155,0.000482,0.064069,14.440242,14.977843,0.795127,0.000000,0.001296,16.099085,500,16,16,32,32,16,0.500000,0.500000,1.000000,1.000000,0.500000
./images/PaviaCityPV.raw,128,10,292454400,0.000000,0.182813,0.291264,0.421735,0.449577,0.000000,0.010221,1.757819,0.740001,0.004194,0.194420,0.027792,2.687293,3.331293,0.173912,0.000000,0.000783,3.806154,500,16,16,16,16,16,1.000000,1.000000,1.000000,1.000000,1.000000
./images/SantaBarbaraLine2014PV.raw,128,10,705560576,0.000000,0.415182,0.702652,0.771915,0.836018,0.000000,0.010634,11.838085,3.713903,0.004139,0.088353,0.064054,16.468023,17.392398,0.900083,0.000000,0.001747,18.511981,500,16,16,16,16,16,1.000000,1.000000,1.000000,1.000000,1.000000
./images/PaviaCityPV.raw,256,10,292454400,0.000000,0.180504,0.291254,0.420731,0.448581,0.000000,0.010569,1.910524,0.641570,0.004198,0.210308,0.027798,2.743446,3.402342,0.175463,0.000000,0.000610,3.874711,500,8,8,8,8,8,1.000000,1.000000,1.000000,1.000000,1.000000
./images/SantaBarbaraLine2014PV.raw,256,10,705560576,0.000000,0.412225,0.703553,0.348008,0.412200,0.000000,0.010972,6.699278,3.684515,0.004204,0.000503,0.064145,11.100583,11.513290,0.700481,0.000000,0.001342,12.630411,500,8,8,8,8,8,1.000000,1.000000,1.000000,1.000000,1.000000
./images/PaviaCityPV.raw,512,10,292454400,0.000000,0.181914,0.291065,0.814453,0.842348,0.000000,0.010475,1.882704,0.655458,0.004227,0.226949,0.027849,2.729259,3.798560,0.175246,0.000000,0.000718,4.272258,500,4,4,4,4,4,1.000000,1.000000,1.000000,1.000000,1.000000
./images/SantaBarbaraLine2014PV.raw,512,10,705560576,0.000000,0.411974,0.702995,0.375305,0.439131,0.000000,0.010248,6.977264,3.831518,0.004094,0.000470,0.063778,11.541580,11.981184,0.717285,0.000000,0.001286,13.097441,500,4,4,4,4,4,1.000000,1.000000,1.000000,1.000000,1.000000
./images/PaviaCityPV.raw,1024,10,292454400,0.000000,0.181662,0.290969,0.445898,0.473862,0.000000,0.008690,1.971382,0.755274,0.004136,0.218906,0.027918,2.928416,3.621191,0.187797,0.000000,0.000712,4.094536,500,2,2,2,2,2,1.000000,1.000000,1.000000,1.000000,1.000000
./images/SantaBarbaraLine2014PV.raw,1024,10,705560576,0.000000,0.412775,0.703570,0.396843,0.460665,0.000000,0.010821,6.799501,4.215198,0.004104,0.196593,0.063769,11.787356,12.444625,0.756572,0.000000,0.001397,13.562368,500,2,2,2,2,2,1.000000,1.000000,1.000000,1.000000,1.000000
